{"name":"Creating a lead and update the status","id":"working-with-leads;creating-a-lead-and-update-the-status","testSteps":[{"number":1,"description":"Given I am on the zendesk login page","duration":7686,"startTime":"2021-05-29T20:16:22.944+02:00[Europe/Berlin]","screenshots":[{"screenshot":"c6cd72c134b1679b14c73f691b957b0c50ebd2d621c62e7f5b3d31358210c58c.png","timeStamp":1622312190630}],"result":"SUCCESS","precondition":false,"level":0,"children":[{"number":2,"description":"Open the URL {}","duration":6657,"startTime":"2021-05-29T20:16:23.310+02:00[Europe/Berlin]","screenshots":[{"screenshot":"4245545b36938fbb31cef3fca9037d4cbb7abc1c8cd330a92a52011f6ae9a96f.png","timeStamp":1622312189966}],"result":"SUCCESS","precondition":false,"level":1},{"number":3,"description":"Accept cookies","duration":655,"startTime":"2021-05-29T20:16:29.969+02:00[Europe/Berlin]","screenshots":[{"screenshot":"4245545b36938fbb31cef3fca9037d4cbb7abc1c8cd330a92a52011f6ae9a96f.png","timeStamp":1622312189973},{"screenshot":"c6cd72c134b1679b14c73f691b957b0c50ebd2d621c62e7f5b3d31358210c58c.png","timeStamp":1622312190623}],"result":"SUCCESS","precondition":false,"level":1}]},{"number":4,"description":"Then I login with the credentials","duration":4773,"startTime":"2021-05-29T20:16:30.631+02:00[Europe/Berlin]","screenshots":[{"screenshot":"e9b78e02db2c070633c7d8bb9a6e7a618e2154a08c980c5385e6f45fc5d6cb1b.png","timeStamp":1622312195404}],"result":"SUCCESS","precondition":false,"level":0,"children":[{"number":5,"description":"I fill the domain name","duration":1474,"startTime":"2021-05-29T20:16:30.635+02:00[Europe/Berlin]","screenshots":[{"screenshot":"5dfaff9b46f07364233c4c073983cc1550615fa20d725d6a0450847154b50f04.png","timeStamp":1622312192109}],"result":"SUCCESS","precondition":false,"level":1},{"number":6,"description":"I fill the email and password","duration":3289,"startTime":"2021-05-29T20:16:32.110+02:00[Europe/Berlin]","screenshots":[{"screenshot":"5dfaff9b46f07364233c4c073983cc1550615fa20d725d6a0450847154b50f04.png","timeStamp":1622312192112},{"screenshot":"e9b78e02db2c070633c7d8bb9a6e7a618e2154a08c980c5385e6f45fc5d6cb1b.png","timeStamp":1622312195399}],"result":"SUCCESS","precondition":false,"level":1}]},{"number":7,"description":"And I am in the Zendesk dashboard","duration":1385,"startTime":"2021-05-29T20:16:35.405+02:00[Europe/Berlin]","screenshots":[{"screenshot":"ed647397b4dadc4d4d337fa930b211c4d954bb4730fd81cad0609dd19c5bbf04.png","timeStamp":1622312196790}],"result":"SUCCESS","precondition":false,"level":0,"children":[{"number":8,"description":"Verify that the dashboard\u0027s avatar menu is present","duration":1299,"startTime":"2021-05-29T20:16:35.488+02:00[Europe/Berlin]","screenshots":[{"screenshot":"ed647397b4dadc4d4d337fa930b211c4d954bb4730fd81cad0609dd19c5bbf04.png","timeStamp":1622312196787}],"result":"SUCCESS","precondition":false,"level":1}]},{"number":9,"description":"Then I create a Lead with firstname \u0027John\u0027 and lastname \u0027Smith\u0027","duration":2679,"startTime":"2021-05-29T20:16:36.791+02:00[Europe/Berlin]","screenshots":[{"screenshot":"ed8c22fd9b26b82ce59d807fb08b9de412b006bdbeada9c387542795fc7a2abb.png","timeStamp":1622312199470}],"result":"SUCCESS","precondition":false,"level":0,"children":[{"number":10,"description":"Click Add Lead on the Dashboard","duration":1573,"startTime":"2021-05-29T20:16:36.793+02:00[Europe/Berlin]","screenshots":[{"screenshot":"aa83b0954de322969c7cfa7ee006c4dca4e996aa20cc0efd3623eb20799abb86.png","timeStamp":1622312198366}],"result":"SUCCESS","precondition":false,"level":1},{"number":11,"description":"I fill the data in the lead wizard dialog and save it","duration":1100,"startTime":"2021-05-29T20:16:38.367+02:00[Europe/Berlin]","screenshots":[{"screenshot":"aa83b0954de322969c7cfa7ee006c4dca4e996aa20cc0efd3623eb20799abb86.png","timeStamp":1622312198369},{"screenshot":"ed8c22fd9b26b82ce59d807fb08b9de412b006bdbeada9c387542795fc7a2abb.png","timeStamp":1622312199467}],"result":"SUCCESS","precondition":false,"level":1}]},{"number":12,"description":"And I am in the Zendesk dashboard","duration":365,"startTime":"2021-05-29T20:16:39.471+02:00[Europe/Berlin]","screenshots":[{"screenshot":"59ea76568f1af13f13b4135d89e55345767c7765c29899c67304020917d5a7b2.png","timeStamp":1622312199836}],"result":"SUCCESS","precondition":false,"level":0,"children":[{"number":13,"description":"Verify that the dashboard\u0027s avatar menu is present","duration":40,"startTime":"2021-05-29T20:16:39.473+02:00[Europe/Berlin]","screenshots":[{"screenshot":"ed8c22fd9b26b82ce59d807fb08b9de412b006bdbeada9c387542795fc7a2abb.png","timeStamp":1622312199513}],"result":"SUCCESS","precondition":false,"level":1}]},{"number":14,"description":"Then I navigate to the Leads Table","duration":480,"startTime":"2021-05-29T20:16:39.837+02:00[Europe/Berlin]","screenshots":[{"screenshot":"a45eeb33a1627d6346bf585a840ee1d3a6b355e1f46bf9763afc188f1361516c.png","timeStamp":1622312200317}],"result":"SUCCESS","precondition":false,"level":0,"children":[{"number":15,"description":"Click Leads Menu Item","duration":475,"startTime":"2021-05-29T20:16:39.839+02:00[Europe/Berlin]","screenshots":[{"screenshot":"a45eeb33a1627d6346bf585a840ee1d3a6b355e1f46bf9763afc188f1361516c.png","timeStamp":1622312200314}],"result":"SUCCESS","precondition":false,"level":1}]},{"number":16,"description":"Then I search the lastname \u0027Smith\u0027 in the filter","duration":21103,"startTime":"2021-05-29T20:16:40.317+02:00[Europe/Berlin]","screenshots":[{"screenshot":"51c0fb9a273f8966c14d54a70fdc7b5f66552eee3b90ceb517c0ed0ce12c842b.png","timeStamp":1622312221420}],"result":"SUCCESS","precondition":false,"level":0,"children":[{"number":17,"description":"I clear the filters if they exist","duration":20656,"startTime":"2021-05-29T20:16:40.363+02:00[Europe/Berlin]","screenshots":[{"screenshot":"83fbebe7514f70f66f8c6f1f6e5cfc95283d05c35c0a1a88cbb40808c04ab3cb.png","timeStamp":1622312200608},{"screenshot":"a1b94a2cc7ffae6e748ca82f9be41af2babb9093354a8b3edcfbd6724e24fab1.png","timeStamp":1622312221019}],"result":"SUCCESS","precondition":false,"level":1},{"number":18,"description":"I fill the value in the search filter","duration":397,"startTime":"2021-05-29T20:17:01.020+02:00[Europe/Berlin]","screenshots":[{"screenshot":"a1b94a2cc7ffae6e748ca82f9be41af2babb9093354a8b3edcfbd6724e24fab1.png","timeStamp":1622312221022},{"screenshot":"51c0fb9a273f8966c14d54a70fdc7b5f66552eee3b90ceb517c0ed0ce12c842b.png","timeStamp":1622312221417}],"result":"SUCCESS","precondition":false,"level":1}]},{"number":19,"description":"And I verify the status is \u0027New\u0027","duration":41,"startTime":"2021-05-29T20:17:01.420+02:00[Europe/Berlin]","screenshots":[{"screenshot":"51c0fb9a273f8966c14d54a70fdc7b5f66552eee3b90ceb517c0ed0ce12c842b.png","timeStamp":1622312221461}],"result":"SUCCESS","precondition":false,"level":0,"children":[{"number":20,"description":"Verify the status","duration":37,"startTime":"2021-05-29T20:17:01.422+02:00[Europe/Berlin]","screenshots":[{"screenshot":"51c0fb9a273f8966c14d54a70fdc7b5f66552eee3b90ceb517c0ed0ce12c842b.png","timeStamp":1622312221459}],"result":"SUCCESS","precondition":false,"level":1}]},{"number":21,"description":"Then I change the status to \u0027Working\u0027","duration":2341,"startTime":"2021-05-29T20:17:01.462+02:00[Europe/Berlin]","screenshots":[{"screenshot":"09bdeb95390388371538a8fa52f9e1fba145f28a55eddf3f72b4163da7a40a61.png","timeStamp":1622312223803}],"result":"SUCCESS","precondition":false,"level":0,"children":[{"number":22,"description":"Select the lead","duration":314,"startTime":"2021-05-29T20:17:01.464+02:00[Europe/Berlin]","screenshots":[{"screenshot":"f937ca5edd9696d6ce89a28dae1e925d33f222ee811fd954f5e8002f049333e4.png","timeStamp":1622312221778}],"result":"SUCCESS","precondition":false,"level":1},{"number":23,"description":"Click edit the Lead","duration":872,"startTime":"2021-05-29T20:17:01.779+02:00[Europe/Berlin]","screenshots":[{"screenshot":"f937ca5edd9696d6ce89a28dae1e925d33f222ee811fd954f5e8002f049333e4.png","timeStamp":1622312221780},{"screenshot":"fca2b91bed02f4f11e3ff759cdcd5cf0764f02b10c3652f26d86006859b61c2c.png","timeStamp":1622312222651}],"result":"SUCCESS","precondition":false,"level":1},{"number":24,"description":"Change the status of the Lead and Save","duration":1148,"startTime":"2021-05-29T20:17:02.652+02:00[Europe/Berlin]","screenshots":[{"screenshot":"fca2b91bed02f4f11e3ff759cdcd5cf0764f02b10c3652f26d86006859b61c2c.png","timeStamp":1622312222654},{"screenshot":"09bdeb95390388371538a8fa52f9e1fba145f28a55eddf3f72b4163da7a40a61.png","timeStamp":1622312223800}],"result":"SUCCESS","precondition":false,"level":1}]},{"number":25,"description":"Then I navigate to the Leads Table","duration":912,"startTime":"2021-05-29T20:17:03.803+02:00[Europe/Berlin]","screenshots":[{"screenshot":"52a3d80425233a31fe0da4e4e6c0e5e8b168f13a75765102d8975f11adffdd94.png","timeStamp":1622312224715}],"result":"SUCCESS","precondition":false,"level":0,"children":[{"number":26,"description":"Click Leads Menu Item","duration":908,"startTime":"2021-05-29T20:17:03.805+02:00[Europe/Berlin]","screenshots":[{"screenshot":"52a3d80425233a31fe0da4e4e6c0e5e8b168f13a75765102d8975f11adffdd94.png","timeStamp":1622312224713}],"result":"SUCCESS","precondition":false,"level":1}]},{"number":27,"description":"And I verify the status is \u0027Working\u0027","duration":856,"startTime":"2021-05-29T20:17:04.716+02:00[Europe/Berlin]","screenshots":[{"screenshot":"27f088e135fb3c0eb4b5e0f11c0184043e77a6641f3189f0c3613381b6b95fed.png","timeStamp":1622312225572}],"result":"SUCCESS","precondition":false,"level":0,"children":[{"number":28,"description":"Verify the status","duration":851,"startTime":"2021-05-29T20:17:04.718+02:00[Europe/Berlin]","screenshots":[{"screenshot":"27f088e135fb3c0eb4b5e0f11c0184043e77a6641f3189f0c3613381b6b95fed.png","timeStamp":1622312225569}],"result":"SUCCESS","precondition":false,"level":1}]},{"number":29,"description":"And I delete the lead with lastname \u0027Smith\u0027 via API","duration":3315,"startTime":"2021-05-29T20:17:05.572+02:00[Europe/Berlin]","screenshots":[{"screenshot":"f6eebdbccfd3d9eb3d0c3775c492cdb63316cc770bcf057c950547b3b6fcfdf3.png","timeStamp":1622312228887}],"result":"SUCCESS","precondition":false,"level":0,"children":[{"number":30,"description":"GET https://api.getbase.com/v2/leads","duration":212,"startTime":"2021-05-29T20:17:07.771+02:00[Europe/Berlin]","screenshots":[{"screenshot":"f6eebdbccfd3d9eb3d0c3775c492cdb63316cc770bcf057c950547b3b6fcfdf3.png","timeStamp":1622312227981},{"screenshot":"f6eebdbccfd3d9eb3d0c3775c492cdb63316cc770bcf057c950547b3b6fcfdf3.png","timeStamp":1622312227983}],"result":"SUCCESS","restQuery":{"method":"GET","path":"https://api.getbase.com/v2/leads","content":"","contentType":"null","requestHeaders":"Accept\u003dapplication/json","requestCookies":"","responseHeaders":"Access-Control-Allow-Origin: https://getbase.com\nCache-Control: max-age\u003d0, private, must-revalidate\nContent-Encoding: gzip\nContent-Type: application/json; charset\u003dutf-8\nDate: Sat, 29 May 2021 18:17:07 GMT\nEtag: W/\"8456b81d7cdf5d9708f2d578ac73b9c4\"\nServer: nginx\nStrict-Transport-Security: max-age\u003d31536000; includeSubDomains\nStrict-Transport-Security: max-age\u003d31536000; includeSubDomains\nX-Content-Type-Options: nosniff\nX-Frame-Options: SAMEORIGIN\nX-Geoip-Country-Code: DE\nX-Geoip-Region-Code: BY\nX-Internal-Latency: 0.052\nX-Internal-Latency: 0.052\nX-Internal-Latency: 0.080\nX-Operation-Id: b4fa2547-85f6-4670-98cf-4fc2ac827e5d\nX-Request-Id: aef23b02674aa2c3aef8be422a6ea4fb\nX-Request-Id: aef23b02674aa2c3aef8be422a6ea4fb\nX-Request-ID: aef23b02674aa2c3aef8be422a6ea4fb\nX-Runtime: 48.629002\nX-Xss-Protection: 1; mode\u003dblock\nContent-Length: 403\nConnection: keep-alive","responseCookies":"","responseBody":"{\n    \"items\": [\n        {\n            \"data\": {\n                \"id\": 2062023621,\n                \"owner_id\": 3151577,\n                \"first_name\": \"John\",\n                \"last_name\": \"Smith\",\n                \"source_id\": null,\n                \"unqualified_reason_id\": null,\n                \"created_at\": \"2021-05-29T18:16:39Z\",\n                \"updated_at\": \"2021-05-29T18:17:03Z\",\n                \"twitter\": null,\n                \"phone\": null,\n                \"mobile\": null,\n                \"facebook\": null,\n                \"email\": null,\n                \"title\": null,\n                \"skype\": null,\n                \"linkedin\": null,\n                \"description\": null,\n                \"industry\": null,\n                \"fax\": null,\n                \"website\": null,\n                \"address\": {\n                    \"line1\": null,\n                    \"city\": null,\n                    \"postal_code\": null,\n                    \"state\": null,\n                    \"country\": null\n                },\n                \"status\": \"Working\",\n                \"creator_id\": 3151577,\n                \"organization_name\": null,\n                \"tags\": [\n                    \n                ],\n                \"custom_fields\": {\n                    \n                }\n            },\n            \"meta\": {\n                \"version\": 2,\n                \"type\": \"lead\"\n            }\n        }\n    ],\n    \"meta\": {\n        \"type\": \"collection\",\n        \"count\": 1,\n        \"links\": {\n            \"self\": \"https://api.getbase.com/v2/leads?page\u003d1\u0026per_page\u003d25\"\n        }\n    }\n}","statusCode":200},"precondition":false,"level":1},{"number":31,"description":"Return lead id by last name","duration":4,"startTime":"2021-05-29T20:17:07.991+02:00[Europe/Berlin]","screenshots":[{"screenshot":"f6eebdbccfd3d9eb3d0c3775c492cdb63316cc770bcf057c950547b3b6fcfdf3.png","timeStamp":1622312227993},{"screenshot":"f6eebdbccfd3d9eb3d0c3775c492cdb63316cc770bcf057c950547b3b6fcfdf3.png","timeStamp":1622312227995}],"result":"SUCCESS","precondition":false,"level":1},{"number":32,"description":"DELETE https://api.getbase.com/v2/leads/2062023621","duration":225,"startTime":"2021-05-29T20:17:08.660+02:00[Europe/Berlin]","screenshots":[{"screenshot":"f6eebdbccfd3d9eb3d0c3775c492cdb63316cc770bcf057c950547b3b6fcfdf3.png","timeStamp":1622312228882},{"screenshot":"f6eebdbccfd3d9eb3d0c3775c492cdb63316cc770bcf057c950547b3b6fcfdf3.png","timeStamp":1622312228884}],"result":"SUCCESS","restQuery":{"method":"DELETE","path":"https://api.getbase.com/v2/leads/2062023621","content":"","contentType":"null","requestHeaders":"Accept\u003d*/*","requestCookies":"","responseHeaders":"Access-Control-Allow-Origin: https://getbase.com\nCache-Control: no-cache\nDate: Sat, 29 May 2021 18:17:08 GMT\nServer: nginx\nStrict-Transport-Security: max-age\u003d31536000; includeSubDomains\nStrict-Transport-Security: max-age\u003d31536000; includeSubDomains\nX-Content-Type-Options: nosniff\nX-Frame-Options: SAMEORIGIN\nX-Geoip-Country-Code: DE\nX-Geoip-Region-Code: BY\nX-Internal-Latency: 0.068\nX-Internal-Latency: 0.072\nX-Internal-Latency: 0.072\nX-Operation-Id: 8919ab11-6a05-4e89-a63d-9860b942ef32\nX-Request-Id: c9db040e1a171a3faa1a83ded492783a\nX-Request-Id: c9db040e1a171a3faa1a83ded492783a\nX-Request-ID: c9db040e1a171a3faa1a83ded492783a\nX-Runtime: 65.638000\nX-Xss-Protection: 1; mode\u003dblock\nConnection: keep-alive","responseCookies":"","statusCode":204},"precondition":false,"level":1}]}],"userStory":{"id":"working-with-leads","storyName":"Working with Leads","path":"file:///Users/mak0001d/Documents/Learning/Zendesktask/src/test/resources/features/CreatingLead.feature","type":"feature"},"featureTag":{"name":"Features/Working with Leads","type":"feature","displayName":"Features/Working with Leads"},"title":"Creating a lead and update the status","tags":[{"name":"frontend","type":"tag","displayName":"frontend"},{"name":"Working with Leads","type":"feature","displayName":"Working with Leads"}],"startTime":"2021-05-29T20:16:22.859+02:00[Europe/Berlin]","duration":46030,"projectKey":"","sessionId":"e8d1418e91635ca79625f1c2b718b4fb","driver":"chrome","isManualTestingUpToDate":false,"manual":false,"testSource":"Cucumber","result":"SUCCESS"}