{"name":"Creating and updating Lead via API","id":"working-with-leads;creating-and-updating-lead-via-api","testSteps":[{"number":1,"description":"Given I create a Lead via API with the first name \u0027Mark\u0027 and the last name \u0027Johnson\u0027","duration":781,"startTime":"2021-05-29T20:17:10.073+02:00[Europe/Berlin]","result":"SUCCESS","precondition":false,"level":0,"children":[{"number":2,"description":"POST https://api.getbase.com/v2/leads","duration":0,"startTime":"2021-05-29T20:17:10.853+02:00[Europe/Berlin]","result":"SUCCESS","restQuery":{"method":"POST","path":"https://api.getbase.com/v2/leads","content":"{\n    \"data\": {\n        \"first_name\": \"Mark\",\n        \"last_name\": \"Johnson\"\n    }\n}","contentType":"application/json","requestHeaders":"Accept\u003dapplication/json\n\t\t\t\tContent-Type\u003dapplication/json; charset\u003dUTF-8","requestCookies":"","responseHeaders":"Access-Control-Allow-Origin: https://getbase.com\nCache-Control: max-age\u003d0, private, must-revalidate\nContent-Encoding: gzip\nContent-Type: application/json; charset\u003dutf-8\nDate: Sat, 29 May 2021 18:17:11 GMT\nEtag: W/\"318ee9e298e769b3d95e40a8fba5cc52\"\nServer: nginx\nStrict-Transport-Security: max-age\u003d31536000; includeSubDomains\nStrict-Transport-Security: max-age\u003d31536000; includeSubDomains\nX-Content-Type-Options: nosniff\nX-Frame-Options: SAMEORIGIN\nX-Geoip-Country-Code: DE\nX-Geoip-Region-Code: BY\nX-Internal-Latency: 0.124\nX-Internal-Latency: 0.128\nX-Internal-Latency: 0.156\nX-Operation-Id: d9e46545-0cf6-4372-8dce-0d386cac59f0\nX-Request-Id: 533e39d070677ca50c72a29771b55acf\nX-Request-Id: 533e39d070677ca50c72a29771b55acf\nX-Request-ID: 533e39d070677ca50c72a29771b55acf\nX-Runtime: 121.684998\nX-Xss-Protection: 1; mode\u003dblock\nContent-Length: 321\nConnection: keep-alive","responseCookies":"","responseBody":"{\n    \"data\": {\n        \"id\": 2062023683,\n        \"owner_id\": 3151577,\n        \"first_name\": \"Mark\",\n        \"last_name\": \"Johnson\",\n        \"source_id\": null,\n        \"unqualified_reason_id\": null,\n        \"created_at\": \"2021-05-29T18:17:11Z\",\n        \"updated_at\": \"2021-05-29T18:17:11Z\",\n        \"twitter\": null,\n        \"phone\": null,\n        \"mobile\": null,\n        \"facebook\": null,\n        \"email\": null,\n        \"title\": null,\n        \"skype\": null,\n        \"linkedin\": null,\n        \"description\": null,\n        \"industry\": null,\n        \"fax\": null,\n        \"website\": null,\n        \"address\": {\n            \"line1\": null,\n            \"city\": null,\n            \"postal_code\": null,\n            \"state\": null,\n            \"country\": null\n        },\n        \"status\": \"New\",\n        \"creator_id\": 3151577,\n        \"organization_name\": null,\n        \"tags\": [\n            \n        ],\n        \"custom_fields\": {\n            \n        }\n    },\n    \"meta\": {\n        \"version\": 1,\n        \"type\": \"lead\"\n    }\n}","statusCode":200},"precondition":false,"level":1}]},{"number":3,"description":"And I verify the lead with lastname \u0027Johnson\u0027 exist","duration":681,"startTime":"2021-05-29T20:17:10.854+02:00[Europe/Berlin]","result":"SUCCESS","precondition":false,"level":0,"children":[{"number":4,"description":"GET https://api.getbase.com/v2/leads","duration":0,"startTime":"2021-05-29T20:17:11.533+02:00[Europe/Berlin]","result":"SUCCESS","restQuery":{"method":"GET","path":"https://api.getbase.com/v2/leads","content":"","contentType":"null","requestHeaders":"Accept\u003dapplication/json","requestCookies":"","responseHeaders":"Access-Control-Allow-Origin: https://getbase.com\nCache-Control: max-age\u003d0, private, must-revalidate\nContent-Encoding: gzip\nContent-Type: application/json; charset\u003dutf-8\nDate: Sat, 29 May 2021 18:17:11 GMT\nEtag: W/\"94f8ecf9bde5b461e8eb073f88163c6d\"\nServer: nginx\nStrict-Transport-Security: max-age\u003d31536000; includeSubDomains\nStrict-Transport-Security: max-age\u003d31536000; includeSubDomains\nX-Content-Type-Options: nosniff\nX-Frame-Options: SAMEORIGIN\nX-Geoip-Country-Code: DE\nX-Geoip-Region-Code: BY\nX-Internal-Latency: 0.048\nX-Internal-Latency: 0.048\nX-Internal-Latency: 0.080\nX-Operation-Id: a7d2a969-5cd9-49f5-8fc9-831a14bd20dd\nX-Request-Id: f375aacb63ef94a44c776a70b2e5a135\nX-Request-Id: f375aacb63ef94a44c776a70b2e5a135\nX-Request-ID: f375aacb63ef94a44c776a70b2e5a135\nX-Runtime: 44.869999\nX-Xss-Protection: 1; mode\u003dblock\nContent-Length: 396\nConnection: keep-alive","responseCookies":"","responseBody":"{\n    \"items\": [\n        {\n            \"data\": {\n                \"id\": 2062023683,\n                \"owner_id\": 3151577,\n                \"first_name\": \"Mark\",\n                \"last_name\": \"Johnson\",\n                \"source_id\": null,\n                \"unqualified_reason_id\": null,\n                \"created_at\": \"2021-05-29T18:17:11Z\",\n                \"updated_at\": \"2021-05-29T18:17:11Z\",\n                \"twitter\": null,\n                \"phone\": null,\n                \"mobile\": null,\n                \"facebook\": null,\n                \"email\": null,\n                \"title\": null,\n                \"skype\": null,\n                \"linkedin\": null,\n                \"description\": null,\n                \"industry\": null,\n                \"fax\": null,\n                \"website\": null,\n                \"address\": {\n                    \"line1\": null,\n                    \"city\": null,\n                    \"postal_code\": null,\n                    \"state\": null,\n                    \"country\": null\n                },\n                \"status\": \"New\",\n                \"creator_id\": 3151577,\n                \"organization_name\": null,\n                \"tags\": [\n                    \n                ],\n                \"custom_fields\": {\n                    \n                }\n            },\n            \"meta\": {\n                \"version\": 1,\n                \"type\": \"lead\"\n            }\n        }\n    ],\n    \"meta\": {\n        \"type\": \"collection\",\n        \"count\": 1,\n        \"links\": {\n            \"self\": \"https://api.getbase.com/v2/leads?page\u003d1\u0026per_page\u003d25\"\n        }\n    }\n}","statusCode":200},"precondition":false,"level":1}]},{"number":5,"description":"Then I add to the lead with lastname \u0027Johnson\u0027 city \u0027London\u0027, country \u0027UK\u0027 and address \u0027Highstreet 2\u0027","duration":1413,"startTime":"2021-05-29T20:17:11.535+02:00[Europe/Berlin]","result":"SUCCESS","precondition":false,"level":0,"children":[{"number":6,"description":"GET https://api.getbase.com/v2/leads","duration":0,"startTime":"2021-05-29T20:17:12.172+02:00[Europe/Berlin]","result":"SUCCESS","restQuery":{"method":"GET","path":"https://api.getbase.com/v2/leads","content":"","contentType":"null","requestHeaders":"Accept\u003dapplication/json","requestCookies":"","responseHeaders":"Access-Control-Allow-Origin: https://getbase.com\nCache-Control: max-age\u003d0, private, must-revalidate\nContent-Encoding: gzip\nContent-Type: application/json; charset\u003dutf-8\nDate: Sat, 29 May 2021 18:17:12 GMT\nEtag: W/\"94f8ecf9bde5b461e8eb073f88163c6d\"\nServer: nginx\nStrict-Transport-Security: max-age\u003d31536000; includeSubDomains\nStrict-Transport-Security: max-age\u003d31536000; includeSubDomains\nX-Content-Type-Options: nosniff\nX-Frame-Options: SAMEORIGIN\nX-Geoip-Country-Code: DE\nX-Geoip-Region-Code: BY\nX-Internal-Latency: 0.048\nX-Internal-Latency: 0.052\nX-Internal-Latency: 0.052\nX-Operation-Id: f589ef93-54aa-40d8-97bb-8b43edd7d9c3\nX-Request-Id: 65e7f51deb4d773e7aa19411521ae068\nX-Request-Id: 65e7f51deb4d773e7aa19411521ae068\nX-Request-ID: 65e7f51deb4d773e7aa19411521ae068\nX-Runtime: 47.105000\nX-Xss-Protection: 1; mode\u003dblock\nContent-Length: 396\nConnection: keep-alive","responseCookies":"","responseBody":"{\n    \"items\": [\n        {\n            \"data\": {\n                \"id\": 2062023683,\n                \"owner_id\": 3151577,\n                \"first_name\": \"Mark\",\n                \"last_name\": \"Johnson\",\n                \"source_id\": null,\n                \"unqualified_reason_id\": null,\n                \"created_at\": \"2021-05-29T18:17:11Z\",\n                \"updated_at\": \"2021-05-29T18:17:11Z\",\n                \"twitter\": null,\n                \"phone\": null,\n                \"mobile\": null,\n                \"facebook\": null,\n                \"email\": null,\n                \"title\": null,\n                \"skype\": null,\n                \"linkedin\": null,\n                \"description\": null,\n                \"industry\": null,\n                \"fax\": null,\n                \"website\": null,\n                \"address\": {\n                    \"line1\": null,\n                    \"city\": null,\n                    \"postal_code\": null,\n                    \"state\": null,\n                    \"country\": null\n                },\n                \"status\": \"New\",\n                \"creator_id\": 3151577,\n                \"organization_name\": null,\n                \"tags\": [\n                    \n                ],\n                \"custom_fields\": {\n                    \n                }\n            },\n            \"meta\": {\n                \"version\": 1,\n                \"type\": \"lead\"\n            }\n        }\n    ],\n    \"meta\": {\n        \"type\": \"collection\",\n        \"count\": 1,\n        \"links\": {\n            \"self\": \"https://api.getbase.com/v2/leads?page\u003d1\u0026per_page\u003d25\"\n        }\n    }\n}","statusCode":200},"precondition":false,"level":1},{"number":7,"description":"Return lead id by last name","duration":0,"startTime":"2021-05-29T20:17:12.173+02:00[Europe/Berlin]","result":"SUCCESS","precondition":false,"level":1},{"number":8,"description":"PUT https://api.getbase.com/v2/leads/2062023683","duration":0,"startTime":"2021-05-29T20:17:12.947+02:00[Europe/Berlin]","result":"SUCCESS","restQuery":{"method":"PUT","path":"https://api.getbase.com/v2/leads/2062023683","content":"{\n    \"data\": {\n        \"address\": {\n            \"country\": \"UK\",\n            \"city\": \"London\",\n            \"line1\": \"Highstreet 2\"\n        }\n    }\n}","contentType":"application/json","requestHeaders":"Accept\u003dapplication/json\n\t\t\t\tContent-Type\u003dapplication/json; charset\u003dUTF-8","requestCookies":"","responseHeaders":"Access-Control-Allow-Origin: https://getbase.com\nCache-Control: max-age\u003d0, private, must-revalidate\nContent-Encoding: gzip\nContent-Type: application/json; charset\u003dutf-8\nDate: Sat, 29 May 2021 18:17:13 GMT\nEtag: W/\"505a4670e7a972f67f62f7cdca15d0ec\"\nServer: nginx\nStrict-Transport-Security: max-age\u003d31536000; includeSubDomains\nStrict-Transport-Security: max-age\u003d31536000; includeSubDomains\nX-Content-Type-Options: nosniff\nX-Frame-Options: SAMEORIGIN\nX-Geoip-Country-Code: DE\nX-Geoip-Region-Code: BY\nX-Internal-Latency: 0.184\nX-Internal-Latency: 0.188\nX-Internal-Latency: 0.188\nX-Operation-Id: 19b754ab-7d68-4174-b4f1-05642b12fc50\nX-Request-Id: 2b386159b6638846c3174ec79deada39\nX-Request-Id: 2b386159b6638846c3174ec79deada39\nX-Request-ID: 2b386159b6638846c3174ec79deada39\nX-Runtime: 180.893997\nX-Xss-Protection: 1; mode\u003dblock\nContent-Length: 345\nConnection: keep-alive","responseCookies":"","responseBody":"{\n    \"data\": {\n        \"id\": 2062023683,\n        \"owner_id\": 3151577,\n        \"first_name\": \"Mark\",\n        \"last_name\": \"Johnson\",\n        \"source_id\": null,\n        \"unqualified_reason_id\": null,\n        \"created_at\": \"2021-05-29T18:17:11Z\",\n        \"updated_at\": \"2021-05-29T18:17:13Z\",\n        \"twitter\": null,\n        \"phone\": null,\n        \"mobile\": null,\n        \"facebook\": null,\n        \"email\": null,\n        \"title\": null,\n        \"skype\": null,\n        \"linkedin\": null,\n        \"description\": null,\n        \"industry\": null,\n        \"fax\": null,\n        \"website\": null,\n        \"address\": {\n            \"line1\": \"Highstreet 2\",\n            \"city\": \"London\",\n            \"postal_code\": null,\n            \"state\": null,\n            \"country\": \"UK\"\n        },\n        \"status\": \"New\",\n        \"creator_id\": 3151577,\n        \"organization_name\": null,\n        \"tags\": [\n            \n        ],\n        \"custom_fields\": {\n            \n        }\n    },\n    \"meta\": {\n        \"version\": 2,\n        \"type\": \"lead\"\n    }\n}","statusCode":200},"precondition":false,"level":1}]},{"number":9,"description":"And I verify the lead with lastname \u0027Johnson\u0027 has address with city \u0027London\u0027, country \u0027UK\u0027, and street \u0027Highstreet 2\u0027","duration":637,"startTime":"2021-05-29T20:17:12.948+02:00[Europe/Berlin]","result":"SUCCESS","precondition":false,"level":0,"children":[{"number":10,"description":"GET https://api.getbase.com/v2/leads","duration":0,"startTime":"2021-05-29T20:17:13.581+02:00[Europe/Berlin]","result":"SUCCESS","restQuery":{"method":"GET","path":"https://api.getbase.com/v2/leads","content":"","contentType":"null","requestHeaders":"Accept\u003dapplication/json","requestCookies":"","responseHeaders":"Access-Control-Allow-Origin: https://getbase.com\nCache-Control: max-age\u003d0, private, must-revalidate\nContent-Encoding: gzip\nContent-Type: application/json; charset\u003dutf-8\nDate: Sat, 29 May 2021 18:17:13 GMT\nEtag: W/\"2b1f46c9a86072787ca44e740c801964\"\nServer: nginx\nStrict-Transport-Security: max-age\u003d31536000; includeSubDomains\nStrict-Transport-Security: max-age\u003d31536000; includeSubDomains\nX-Content-Type-Options: nosniff\nX-Frame-Options: SAMEORIGIN\nX-Geoip-Country-Code: DE\nX-Geoip-Region-Code: BY\nX-Internal-Latency: 0.056\nX-Internal-Latency: 0.056\nX-Internal-Latency: 0.056\nX-Operation-Id: 9681f84e-70bc-4d94-92e8-a73f6a1b4d68\nX-Request-Id: de427637a41098cc767463997e818514\nX-Request-Id: de427637a41098cc767463997e818514\nX-Request-ID: de427637a41098cc767463997e818514\nX-Runtime: 52.102001\nX-Xss-Protection: 1; mode\u003dblock\nContent-Length: 420\nConnection: keep-alive","responseCookies":"","responseBody":"{\n    \"items\": [\n        {\n            \"data\": {\n                \"id\": 2062023683,\n                \"owner_id\": 3151577,\n                \"first_name\": \"Mark\",\n                \"last_name\": \"Johnson\",\n                \"source_id\": null,\n                \"unqualified_reason_id\": null,\n                \"created_at\": \"2021-05-29T18:17:11Z\",\n                \"updated_at\": \"2021-05-29T18:17:13Z\",\n                \"twitter\": null,\n                \"phone\": null,\n                \"mobile\": null,\n                \"facebook\": null,\n                \"email\": null,\n                \"title\": null,\n                \"skype\": null,\n                \"linkedin\": null,\n                \"description\": null,\n                \"industry\": null,\n                \"fax\": null,\n                \"website\": null,\n                \"address\": {\n                    \"line1\": \"Highstreet 2\",\n                    \"city\": \"London\",\n                    \"postal_code\": null,\n                    \"state\": null,\n                    \"country\": \"UK\"\n                },\n                \"status\": \"New\",\n                \"creator_id\": 3151577,\n                \"organization_name\": null,\n                \"tags\": [\n                    \n                ],\n                \"custom_fields\": {\n                    \n                }\n            },\n            \"meta\": {\n                \"version\": 2,\n                \"type\": \"lead\"\n            }\n        }\n    ],\n    \"meta\": {\n        \"type\": \"collection\",\n        \"count\": 1,\n        \"links\": {\n            \"self\": \"https://api.getbase.com/v2/leads?page\u003d1\u0026per_page\u003d25\"\n        }\n    }\n}","statusCode":200},"precondition":false,"level":1},{"number":11,"description":"Return lead id by last name","duration":0,"startTime":"2021-05-29T20:17:13.583+02:00[Europe/Berlin]","result":"SUCCESS","precondition":false,"level":1}]},{"number":12,"description":"And I delete the lead with lastname \u0027Johnson\u0027 via API","duration":1283,"startTime":"2021-05-29T20:17:13.585+02:00[Europe/Berlin]","result":"SUCCESS","precondition":false,"level":0,"children":[{"number":13,"description":"GET https://api.getbase.com/v2/leads","duration":0,"startTime":"2021-05-29T20:17:14.212+02:00[Europe/Berlin]","result":"SUCCESS","restQuery":{"method":"GET","path":"https://api.getbase.com/v2/leads","content":"","contentType":"null","requestHeaders":"Accept\u003dapplication/json","requestCookies":"","responseHeaders":"Access-Control-Allow-Origin: https://getbase.com\nCache-Control: max-age\u003d0, private, must-revalidate\nContent-Encoding: gzip\nContent-Type: application/json; charset\u003dutf-8\nDate: Sat, 29 May 2021 18:17:14 GMT\nEtag: W/\"2b1f46c9a86072787ca44e740c801964\"\nServer: nginx\nStrict-Transport-Security: max-age\u003d31536000; includeSubDomains\nStrict-Transport-Security: max-age\u003d31536000; includeSubDomains\nX-Content-Type-Options: nosniff\nX-Frame-Options: SAMEORIGIN\nX-Geoip-Country-Code: DE\nX-Geoip-Region-Code: BY\nX-Internal-Latency: 0.048\nX-Internal-Latency: 0.052\nX-Internal-Latency: 0.052\nX-Operation-Id: acba842b-7216-484f-aa0b-5c08f739575f\nX-Request-Id: dbd843053cf82be2d3535f0f293cfe8e\nX-Request-Id: dbd843053cf82be2d3535f0f293cfe8e\nX-Request-ID: dbd843053cf82be2d3535f0f293cfe8e\nX-Runtime: 46.972000\nX-Xss-Protection: 1; mode\u003dblock\nContent-Length: 420\nConnection: keep-alive","responseCookies":"","responseBody":"{\n    \"items\": [\n        {\n            \"data\": {\n                \"id\": 2062023683,\n                \"owner_id\": 3151577,\n                \"first_name\": \"Mark\",\n                \"last_name\": \"Johnson\",\n                \"source_id\": null,\n                \"unqualified_reason_id\": null,\n                \"created_at\": \"2021-05-29T18:17:11Z\",\n                \"updated_at\": \"2021-05-29T18:17:13Z\",\n                \"twitter\": null,\n                \"phone\": null,\n                \"mobile\": null,\n                \"facebook\": null,\n                \"email\": null,\n                \"title\": null,\n                \"skype\": null,\n                \"linkedin\": null,\n                \"description\": null,\n                \"industry\": null,\n                \"fax\": null,\n                \"website\": null,\n                \"address\": {\n                    \"line1\": \"Highstreet 2\",\n                    \"city\": \"London\",\n                    \"postal_code\": null,\n                    \"state\": null,\n                    \"country\": \"UK\"\n                },\n                \"status\": \"New\",\n                \"creator_id\": 3151577,\n                \"organization_name\": null,\n                \"tags\": [\n                    \n                ],\n                \"custom_fields\": {\n                    \n                }\n            },\n            \"meta\": {\n                \"version\": 2,\n                \"type\": \"lead\"\n            }\n        }\n    ],\n    \"meta\": {\n        \"type\": \"collection\",\n        \"count\": 1,\n        \"links\": {\n            \"self\": \"https://api.getbase.com/v2/leads?page\u003d1\u0026per_page\u003d25\"\n        }\n    }\n}","statusCode":200},"precondition":false,"level":1},{"number":14,"description":"Return lead id by last name","duration":0,"startTime":"2021-05-29T20:17:14.213+02:00[Europe/Berlin]","result":"SUCCESS","precondition":false,"level":1},{"number":15,"description":"DELETE https://api.getbase.com/v2/leads/2062023683","duration":0,"startTime":"2021-05-29T20:17:14.867+02:00[Europe/Berlin]","result":"SUCCESS","restQuery":{"method":"DELETE","path":"https://api.getbase.com/v2/leads/2062023683","content":"","contentType":"null","requestHeaders":"Accept\u003d*/*","requestCookies":"","responseHeaders":"Access-Control-Allow-Origin: https://getbase.com\nCache-Control: no-cache\nDate: Sat, 29 May 2021 18:17:15 GMT\nServer: nginx\nStrict-Transport-Security: max-age\u003d31536000; includeSubDomains\nStrict-Transport-Security: max-age\u003d31536000; includeSubDomains\nX-Content-Type-Options: nosniff\nX-Frame-Options: SAMEORIGIN\nX-Geoip-Country-Code: DE\nX-Geoip-Region-Code: BY\nX-Internal-Latency: 0.068\nX-Internal-Latency: 0.068\nX-Internal-Latency: 0.072\nX-Operation-Id: fb73434d-38ed-47c7-ba01-9fa2adfa3be0\nX-Request-Id: c3fd9c457e2133a8f53ea4b5ae0df9fd\nX-Request-Id: c3fd9c457e2133a8f53ea4b5ae0df9fd\nX-Request-ID: c3fd9c457e2133a8f53ea4b5ae0df9fd\nX-Runtime: 66.223000\nX-Xss-Protection: 1; mode\u003dblock\nConnection: keep-alive","responseCookies":"","statusCode":204},"precondition":false,"level":1}]}],"userStory":{"id":"working-with-leads","storyName":"Working with Leads","path":"file:///Users/mak0001d/Documents/Learning/Zendesktask/src/test/resources/features/CreatingLead.feature","type":"feature"},"featureTag":{"name":"Features/Working with Leads","type":"feature","displayName":"Features/Working with Leads"},"title":"Creating and updating Lead via API","tags":[{"name":"Working with Leads","type":"feature","displayName":"Working with Leads"},{"name":"api","type":"tag","displayName":"api"}],"startTime":"2021-05-29T20:17:10.071+02:00[Europe/Berlin]","duration":4798,"projectKey":"","isManualTestingUpToDate":false,"manual":false,"testSource":"Cucumber","result":"SUCCESS"}